night_date,n_points,dome_hours,T_floor,delta_T_initial,wind_speed_mean,wind_speed_std,m0_tau,m0_rmse,m0_bic,m1_tau,m1_rmse,m1_bic,m2_tau,m2_k,m2_rmse,m2_bic,m3_tau,m3_alpha,m3_rmse,m3_bic,m6_tau,m6_alpha,m6_k,m6_rmse,m6_bic
2025-07-01,601,10.283333333333333,11.7584568365847,2.1167743459312494,4.516381354478716,2.675261443264712,1.9885103611254682,0.7769971552799746,-296.8883499804545,1.305284305095017,0.5571330406971995,-696.712765899782,2.659561751471888,0.9616833949628333,0.306731224962466,-1407.706461234845,0.624403007199498,0.660802289062903,0.27851139131889346,-1523.7149844264368,1.0523938479200452,0.7322035817323977,0.602176383731086,0.23115927677401746,-1741.3114672514057
2025-07-02,421,10.933333333333334,14.548821073345659,-2.4054487793014676,1.2177322593628859,0.8274853849760384,23.99999999999948,1.125524809052386,105.60864768672911,23.999999999999996,0.9417768102427102,-44.46639109036514,23.999999999999723,0.5254006401750584,0.4091173695110993,-740.4549262796302,23.999999999999996,0.010000000000000002,0.931198885819356,-47.93451387427636,23.999999999999932,0.9899999999999999,0.5252876400762884,0.4092443873516468,-734.1509199843875
2025-07-03,421,10.7,16.529803432087565,-1.152428058256172,2.1074383112375963,1.3423858926555532,23.999999999999847,0.6395879192730657,-370.2734258974734,23.999999999998447,0.6865512810641593,-310.61197598906483,23.999999999999996,-0.2668489201666265,0.6761874802344133,-317.3766233029936,23.999999999999662,0.010000000000005612,0.6461359813061214,-355.6542769099879,23.999999999999794,0.01000000000002506,-0.2406692128289818,0.6371843114712683,-361.3584048692831
2025-07-04,601,11.383333333333333,16.723812329497424,-0.016731593185820515,8.781151673266706,1.741125214020871,23.999999998584798,3.339757850985437,1455.8883571303493,1.3515553734344723,0.2378252941088388,-1719.936562807502,1.3473750670922262,-0.002657295863896967,0.23782398329165305,-1713.5445929319421,0.6322667540580378,0.7376026761763106,0.14027098479536124,-2348.146114249136,0.5557880295363101,0.7448750202123763,-0.17549453220264477,0.13287521909439998,-2406.8546569177333
2025-07-06,421,10.8,9.585599199655764,0.5985793908450994,9.993503154095672,1.5010154521491397,1.0491365740237248,0.5116839369031433,-558.1379139233601,3.5032589956418665,0.41626752596377714,-731.9090141259785,7.705235314496928,0.6974504197513045,0.24181221282461574,-1183.21274265948,0.4052687518192649,0.555089548101646,0.21109295493266297,-1297.6092738910418,0.2950820458820458,0.5477105975307973,-0.4168322633187865,0.20801158768168282,-1303.9480767731595
2025-07-07,421,11.366666666666667,12.192927237716201,-3.6439124559724068,2.2229735341901735,0.9314454714006618,23.99999999988419,0.3512389478243114,-874.9323044569074,20.95591787537145,0.2520435870052418,-1154.362397032031,23.999999999999996,-0.04885440757516866,0.24253605558202232,-1180.6960574755608,20.83992156880867,0.9899999999999733,0.25229649242173374,-1147.475308692146,23.999999999999996,0.010000000001321285,-0.1502261081477837,0.23887945906746733,-1187.444510021576
2025-07-08,421,11.066666666666666,12.79818779735171,-2.7747394501797267,5.7318891718870715,1.4816043309268878,23.999999999999233,1.2498393673098527,193.82129390724515,1.513975999087217,0.5544773196930374,-490.5095011647712,5.268130650563612,0.2934062632085899,0.20856883063798234,-1307.7380888478147,0.22778809137958622,0.6834718726163396,0.5114182887347369,-552.5325311654173,5.171297906008565,0.9899999999950785,0.29554682893535367,0.20890781494605226,-1300.3280748533293
2025-07-09,421,4.9,10.373521456066833,2.185073324760763,9.299183356955794,1.053898957707529,1.128405284712106,1.6080355859985005,406.0038323666007,1.7073858291287385,0.43236355883559097,-699.9646616697473,1.0159645236271286,-0.9999999999992403,0.4228787047435291,-712.5987826150937,0.9117882630146701,0.7599700450446997,0.38954224921450664,-781.737977533757,0.5737236376604892,0.7626590422120204,-0.9999999999999999,0.3445672356111394,-878.9945062433231
2025-07-10,601,11.333333333333334,8.688059247637863,-0.875389146302668,2.1377385299622076,1.0317534486420514,23.999999999999996,1.1816424950505668,207.01890445968752,0.6169059818563611,0.28563736627167546,-1499.7461368592715,0.8676522274928374,0.3051903981456351,0.2696970883104439,-1562.3707357316366,0.6137743226809131,0.9899999999999999,0.2863531133314579,-1490.339350545414,0.8539004580097737,0.9899999999999999,0.30106486100715407,0.2710119473770483,-1550.1262473164616
2025-07-11,421,11.516666666666667,9.423433186968557,-1.2961482334899745,7.42354719321578,1.182934577282028,15.23416583328895,0.18763701042753497,-1402.8304807593759,13.753967080067216,0.18021383914842434,-1436.8179453041305,13.308442672761284,0.07838962676334627,0.17881079954127452,-1437.3562834446423,13.795260620766934,0.9899999999989615,0.18028417497875315,-1430.4467516042712,13.352520676889586,0.9899999999999408,0.07771298419186777,0.1789048448794667,-1430.8709180784733
2025-07-12,421,10.983333333333333,9.942448915478332,-1.68182126739387,1.7382541379796326,0.769233463470744,23.999999998656083,0.46316864849765793,-642.0144885133953,23.999999999329535,0.4222093804341988,-719.9751727130941,23.9999999999989,0.4677532937829872,0.31670334454356724,-956.037716368685,23.999999999999908,0.010000000009089629,0.40706998472235184,-744.6792054210309,23.999999999999996,0.9899999999999999,0.46705034793037137,0.3168304026919938,-949.6573494746582
2025-07-13,601,11.283333333333333,10.09613293794813,-0.4264133263019012,12.04837341159131,1.6811418931327533,23.999999999999996,0.6674879462640864,-479.4906092418034,0.5979869965053068,0.14481147585096008,-2316.2531090313996,0.7038831401611024,0.10497023194389973,0.14345288249105032,-2321.1846786678557,0.5079107443768469,0.9501790698220677,0.13669638909663515,-2379.1743365148654,0.5893842145182391,0.9505357209302939,0.1024928188579451,0.1355281184475469,-2383.0927402517427
2025-07-14,421,3.033333333333333,9.322521534709184,-0.5239344196301214,9.49347022360686,1.4902315410683027,23.999999998068024,0.636467211490398,-374.39180782036885,6.360796960912747,0.4582638961169991,-650.9784447657344,23.99999999999997,0.30972739658995135,0.26544418711178047,-1104.7020055738753,6.263138410071581,0.9899999999999967,0.4589716358750908,-643.636435765753,4.364706698723486,0.010000000002840872,0.7861919859997297,0.1454117681564644,-1605.4045288744894
2025-07-16,421,11.016666666666667,10.65506789818819,-2.133502766316097,3.2655250201550703,1.103119329235366,23.999999995529702,0.6873830298726907,-309.5925202890918,23.9999999999643,0.6339422692891274,-377.738766678902,23.94667753028468,0.4986212693377951,0.389882682766954,-781.0024478948476,23.99999999996833,0.010000000000071707,0.614387914046244,-398.0771574019272,23.46053659587082,0.010000000004596667,0.47662939127866016,0.389763548839171,-775.2171388675467
2025-07-17,421,10.95,14.08604618478943,-1.3192724736461443,3.360795421470194,0.9534023489258605,23.999999999999996,1.0766939312989485,68.26236718086356,0.10000001140540238,1.008312722623839,13.013013833645775,23.999999999999922,0.7527318452991639,0.2662815659383017,-1102.0499859913357,23.999999997189704,0.9899999999999975,0.9797569678352607,-5.134249057854483,23.999999999999996,0.3702314246608064,0.777414690895153,0.2639496302603779,-1103.4135658224081
2025-07-18,421,11.4,12.539891568955015,-4.893390893440248,3.2649517107813937,0.7036292759175562,19.299437732335008,0.2249730039643259,-1250.0318046388716,12.243422852046834,0.2990652275453849,-1010.3301590487386,6.936454127897368,0.18536150402957977,0.2953938540930391,-1014.688025919353,8.88102261080487,0.010000000000000002,0.21578578482408442,-1279.095716802035,6.704505076634459,0.1760826215471174,0.10453654779131495,0.21298393581621428,-1284.0575478174474
2025-07-19,601,11.416666666666666,12.842380334481268,-4.2068139655299355,4.328147623420128,1.479693915447193,23.999999999999996,0.23423934244953312,-1738.1984552306822,13.186447154739788,0.20608904589614435,-1892.0966293001018,5.277283740607577,0.29715926844461943,0.18520625092375276,-2014.1176266029188,14.547239275016599,0.27172791175819316,0.15370302656911067,-2238.2278006758665,6.375702637787371,0.6869265937921816,0.22899488321217826,0.13672362287649026,-2372.5362930976985
2025-07-20,421,11.016666666666667,12.373009937562536,-2.6382661020819764,3.984845808126597,0.5252831024583179,23.999999999999996,0.593957940116857,-432.59454751521577,23.9999999992437,0.3218863187495366,-948.4122290862471,5.341341226871323,0.14492089739363334,0.2087535905020494,-1306.992536690403,23.999999999990358,0.9899999999999999,0.32312552014186297,-939.1342793384225,1.244109595007338,0.8103787834559472,0.5499346653084042,0.19830036108741517,-1344.204881280321
2025-07-21,601,10.366666666666667,11.054847740224519,-1.6955952648155623,4.783068754748892,0.9422726436994674,6.612131259239468,0.23260414238516275,-1746.6189155321738,2.2216235626426597,0.3490548070066798,-1258.7380524939772,1.4610072992068703,0.3750951998874674,0.34538101974662316,-1265.0575038171903,3.4642568652539203,0.5663975622799116,0.14357727985624147,-2320.142797625816,3.4637105110133866,0.5664355879177125,7.596681694625274e-05,0.14357727912348528,-2313.7442088257676
2025-07-22,421,10.883333333333333,11.701353922899123,-0.5189022960117224,2.416673795934317,0.6230108160917136,23.999999997395314,0.8433040117975096,-137.4575370048718,0.7546849740887837,0.24556700714801347,-1176.2814970788454,3.671042084925676,0.5125004077577849,0.20745193521954236,-1312.2591525972405,0.7080438145533452,0.9899999999999665,0.24581446477026866,-1169.3908089257816,3.6594479503994317,0.9899999999999999,0.5199285798022845,0.20809432586601098,-1303.6132314856773
2025-07-23,601,10.883333333333333,10.382843026457644,0.7129116369193866,8.635841255535105,1.9521627782504145,0.9209523609311961,0.8573678903813693,-178.57499202399939,1.3352984436965616,0.27232766526351976,-1557.1020468286765,1.2754233024563564,-0.060279482716219496,0.2718125171457307,-1552.9793662360487,1.1585554301904637,0.9372083175960848,0.2607481744738369,-1602.9314339251473,1.0483851647318445,0.9335218731286179,-0.12486077964235812,0.25888354720712653,-1605.159300774943
2025-07-28,421,11.3,11.192098216990491,-2.4983554530784584,5.3208476392638255,3.002707477572771,23.999999999998796,0.2520816945584364,-1154.2351010561124,16.281248356627117,0.2286913712406037,-1236.2289339251445,9.208774291847853,0.08824621656507756,0.22152992960662474,-1256.9750935331267,23.999999999999797,0.21358891572911826,0.2239806467880691,-1247.7114540577302,20.833691735948303,0.010000000000085352,0.041773612242489634,0.22040191738427684,-1255.2308083307528
2025-08-06,601,11.2,9.947741838992487,-0.9979551302910057,4.824005759753329,0.7047899501636522,23.999999999999996,2.1613638402467528,932.8273897510932,1.5912711187225472,0.2182371141707588,-1823.2535044474419,2.028445536236536,0.1611975733694111,0.20226614543443944,-1908.204228486994,1.0478787741944862,0.8710265264453049,0.17518660671089556,-2080.9708761684037,1.1697363204695517,0.8760235276633301,0.07897180273284865,0.17196978218879694,-2096.8488912638354
2025-08-08,421,4.833333333333333,9.904180566632938,-0.9466615708416395,2.9943991397236376,2.623233301797185,23.999999999581366,1.2314700721072378,181.35430459793804,2.627196213046046,0.5810881241876018,-451.0394726669565,23.999999999993207,0.3604588789486922,0.43358091339939325,-691.5546409703678,0.10000000000000002,0.6341223582360185,0.5577874984968365,-479.45515037343125,23.999999999999996,0.5085827668110401,0.4112124010596306,0.430700010195897,-691.1252975547972
2025-08-09,421,6.916666666666667,9.877171313838694,0.9460078645265337,9.361591029478518,1.2089651668577772,9.993754251634071,0.6554171080375679,-349.6884235264725,12.722387651267788,0.6002579057645637,-423.7106923847729,23.999999999999996,0.6949373567457408,0.49408720664447375,-581.5611472163471,0.5222779968610386,0.4892402015842636,0.39335591755880306,-773.5347800271101,0.40998770826106834,0.48506903623414616,-0.7014758790483304,0.3719189354907649,-814.6769258214123
2025-08-10,421,11.45,10.543325647678971,-3.2794973686940327,2.6420972948480603,0.9235880790103108,23.999999999999964,0.3294011233965762,-928.9807279496652,23.999999999997847,0.31692450973223046,-961.4925559254134,11.570754781933202,0.2363475831379189,0.26925150713556545,-1092.7108200238774,18.183490164175883,0.010000000000002812,0.2791758030604471,-1062.2339662557595,9.05047860617387,0.01000000000000178,0.166019617069131,0.2406300867160404,-1181.2964154021756
2025-08-11,421,6.033333333333333,12.280253454610705,-2.544131777965667,1.7023667350928844,1.111524738700146,22.556027310585808,0.36725028097553747,-837.3986175969189,17.446504597136528,0.33627484531510493,-911.5912476506562,23.999999999999996,-0.18198945615504544,0.29431552634389446,-1017.7673494196093,17.382638636791487,0.9899999999999882,0.33643123334406466,-905.1571251993423,23.999999999999996,0.010000000060684716,-0.2644911097797128,0.2886898597331989,-1027.9748522607765
2025-08-12,601,10.95,12.719377798422355,-1.1815495005939294,3.35696088943664,2.2608765801038877,4.443023741562342,0.5506717013544266,-710.7344028657021,0.5133133415166921,0.5603947831522443,-689.6961610682339,0.2928164604131554,1.8383264919214402,0.5122067177288262,-791.3732519448424,7.177838436255165,0.010000000000000238,0.5417022510260158,-724.0754247033781,0.31152929602994683,0.9515337167557586,1.736890919423482,0.5115179445842258,-786.5920947359216
2025-08-13,421,11.3,12.589656883329956,-2.163754452558333,1.2119557080594303,0.8127225970611163,23.999999999999986,1.3420331837647945,253.7470472510088,0.24913060247927088,1.1765883400032338,142.96784219390725,23.999999999999996,0.5378415577551086,0.4211787858660131,-715.9903374464219,23.99999999999988,0.01000000028771471,1.1452123376523478,126.25210253958633,23.999999999999996,0.9899999999999999,0.5377547807366484,0.4212401193082209,-709.8250987260172
2025-08-14,421,6.366666666666666,11.136534950232763,-1.3286099953559773,11.53792364970884,2.230872782148503,23.9999999999895,2.8262466888089595,880.838173320508,1.0284084880231008,0.4155081343696989,-733.4464669040796,2.290981192280949,0.3458525215490949,0.320069585256112,-947.1353244767025,0.2799490538726449,0.6783493503665128,0.24595986334093956,-1168.8929155097412,0.3608863500246741,0.6838124492571843,0.19118569506099314,0.2352733029007316,-1200.2523739958615
2025-08-16,421,11.416666666666666,8.876449311484189,0.5627466089242468,11.655594444157343,1.3739464161644577,0.8207477911656661,1.694191851921447,449.9499531514811,0.6812178860150149,0.3562914205343341,-862.9066599710295,4.4727577922127075,0.8381685412741838,0.24499613181179414,-1172.198559998491,0.3332344931979645,0.7786700460795727,0.19106676778337936,-1381.5361666959259,0.16588973771499718,0.772776434266497,-0.9423222887105658,0.17970563589983266,-1427.110474945746
2025-08-25,421,10.383333333333333,11.937146854809548,-2.739299105809973,0.7239126552039197,0.9143871601969967,23.999999999500663,0.7768893438914898,-206.52645865373535,23.99999999999989,0.5999575072343978,-424.13217600336657,23.999999999999996,0.2946522769242585,0.3188276875646809,-950.4087119763002,23.999999999999833,0.9899999999999965,0.6002423534094691,-417.68987559467797,23.99999999999998,0.9899999999999999,0.29475995509903574,0.3190676049493867,-943.7327136049873
2025-08-26,421,10.933333333333334,12.179509438256185,-2.4249932469698727,1.8948702173872929,1.0480223966100797,23.999999999999996,0.5263617781868718,-534.3247697942693,23.999999999070617,0.46117810814138077,-645.6409145461691,23.999999999999996,0.38372750586418647,0.23673547936786926,-1201.07833896347,23.99999999890411,0.010000000024392192,0.41766876313786316,-723.0368058766402,23.999999999999996,0.010000000000000425,0.34273912122005823,0.22244602148558573,-1247.4577208858348
2025-08-27,601,10.85,12.234989039789594,-2.8134376344652647,5.711173750053387,0.9392184192977896,23.999999999999996,0.8382371489418513,-205.6993830001312,3.2419679829313677,0.3957538734369326,-1107.8106818710162,2.982187857482125,0.29859982741185065,0.2473032340973161,-1666.565122479917,23.999999999999996,0.9899999999999999,0.38798018185179944,-1125.2576342055652,3.000021181631077,0.9899999999999999,0.302110162194457,0.25204602136280535,-1637.3328027905156
2025-08-28,601,10.916666666666666,11.777276275340931,-0.1965471122822322,9.327068228878431,1.5705972752065922,23.999999999999996,3.6610522541515307,1566.2948248214389,1.4465813633393723,0.35459956601203346,-1239.7942683516462,4.3906036998943,0.5534558833520482,0.22428985553375036,-1783.9717211051411,0.2513316116949803,0.6976871484335313,0.19915666438588514,-1926.826344057243,0.32605773521275716,0.6948422542627749,0.24674633497534287,0.19550465169067552,-1942.673884639151
2025-09-02,601,7.266666666666667,7.895064608585333,2.448604101075352,7.022611755392454,0.8866387251587519,1.3815342939297304,1.0865040842695592,106.12286127108484,3.7044823553335005,0.7510637636694464,-337.6916054806627,5.96769224495961,0.7327848192894306,0.6698949967296272,-468.7652389451925,0.8841815380029172,0.6030078539280844,0.6610650729755102,-484.7142133897931,1.8682160279003124,0.6879423464161984,0.39313167558276185,0.6579033483449889,-484.0783042386755
2025-09-03,335,5.983333333333333,7.258338452701191,1.4062275303485139,4.808109440592437,1.1483186799821166,16.016368617561177,0.6896701674943777,-243.1188847155203,23.999999976724027,0.6783885068762138,-254.16941069736345,23.999999999999996,0.6266499134394505,0.6022689510197043,-328.0960234733593,23.75177325267185,0.9899999999183083,0.6784358023253481,-248.30857116907077,0.4209844620792431,0.3722494916309524,1.9999999999999996,0.44725423794442154,-521.6584227266028
2025-09-04,601,10.25,7.739449799952938,1.114206686556539,4.391877822676705,1.6538918377442766,1.1419333729178411,2.0496960838616003,869.063814457434,2.1558125479796972,0.395499094642607,-1108.5847557354252,4.934718550972947,0.5848998954008243,0.38597564605161716,-1131.4839777061504,1.6179438915844935,0.8626060885777596,0.38334221407911584,-1139.7130797677999,2.720035934895614,0.8244060515443364,0.4840045777115169,0.37584723723593216,-1157.0483627144831
2025-09-05,601,10.55,7.764727477183772,-2.15120301982558,8.224087986524435,1.9413277467579029,23.99999999999842,1.2271140963703782,252.40610461258308,3.397947594022368,0.23019546306375466,-1759.1308479210177,5.077765019594971,0.16194320909897578,0.09066989103841946,-2872.6397968844767,2.825354137763352,0.9088117409361902,0.22863910695715273,-1760.8865959110042,4.973615655959102,0.9899999999999999,0.16271419956899685,0.09101646006814619,-2861.655535757107
2025-09-06,601,9.75,8.290108720539926,-0.4084880985488386,10.9810413836208,1.4800148290595607,23.999999999982215,1.9234805207827745,792.6704469996148,0.7879672485698072,0.2766143742110236,-1538.3287391724848,0.6661821537580296,-0.15635355960211794,0.27430685805120064,-1541.999281099585,0.5468060705519382,0.890476258550358,0.2466926234199935,-1669.5366227334716,23.999999999999993,0.7868684414318887,0.6921071232399916,0.2995950483226296,-1429.6031284310745
2025-09-07,601,5.95,6.134704266727585,3.737563044200847,11.453662885629674,1.9633243322003342,1.5618083761865542,1.2979512448634842,319.8646360517903,5.225607310875865,1.7632184856897195,688.1018654933193,4.6937721875497225,-0.15702084816971376,1.759470136426586,691.942461127879,0.10000000000000002,0.26462438054526927,1.0699544764463038,94.0717447031914,0.12350682210424942,0.2509394135202707,1.9999999999999996,1.0101472430082297,31.331303475423425
2025-09-08,601,10.483333333333333,6.649881225114813,-1.034610935260722,10.09396305786859,1.8177765723816397,1.7060966301930196,0.43400911358724764,-996.898479821473,0.6033667572346331,0.32813211339084264,-1333.0368433583658,0.8163925179494664,0.37397450955142036,0.3165048203496578,-1370.0038125550393,0.8751475286803894,0.756086933789351,0.28387927263308804,-1500.7686956608982,1.0189629134099831,0.766306186459206,0.23176505226235622,0.2776655396240004,-1520.9724725279293
2025-09-09,387,7.7,9.637413859394659,-1.0687160157079028,4.60221218274374,1.0735599492696186,23.999999999999996,1.6024719837707555,370.9361330621588,1.1838258582336736,0.4728991503884628,-573.6693747788383,21.02311032770461,0.4856985692437064,0.22119047825057758,-1155.8409880693366,0.10000000000031813,0.7694619534269893,0.42699771712189066,-646.7390483689389,21.392443503963495,0.9899999999999999,0.486732549304834,0.22141579738609918,-1149.0945174964413
2025-09-10,601,8.2,9.489867428278846,-3.4550721413704935,4.042472665689959,1.0219560600450546,1.5460128619281592,0.9507062016989145,-54.36274587528503,1.8613125923874787,0.39639159481343167,-1105.8753270886496,2.302628147023233,0.6203239644635326,0.34854599169660483,-1254.0928847696803,1.848572556297869,0.9899999999999994,0.3987950608833107,-1092.210576484018,2.2917360649992515,0.9899999999999999,0.6233571257015954,0.35101337362370116,-1239.2152228060006
2025-09-11,421,10.516666666666667,13.725808962174963,-3.11587211512936,2.4207326525897144,1.494387443711674,14.947936473372085,0.4066511496688792,-751.5886195911262,8.932032381717379,0.34995661725317806,-878.011968956672,23.9999999992586,-0.26977465843195453,0.3314875441028685,-917.6217017279389,8.934676679544898,0.9899999999999999,0.35028866218507265,-871.1708106296534,23.999999999411994,0.9899999999999999,-0.26987797785391415,0.33156194263900085,-911.3901129597781
2025-09-12,601,10.133333333333333,16.285048052654282,1.3911547525247467,4.872195088574212,1.704679316650113,1.0018839003976499,3.290062032057774,1437.8681109671986,1.9712641858794218,0.27186090653693745,-1559.1639943079404,1.744110009109975,-0.14428784284043691,0.2611102591686105,-1601.2634494876024,1.9366770969427864,0.9899999999993648,0.27349814529563576,-1545.5482572222159,1.7160502463726124,0.9899999999999999,-0.14261030858769191,0.2631179272258795,-1585.6580668761005
2025-09-13,601,10.3,10.451862529983918,-2.2227924655494817,8.344466398886462,1.5322082117336862,23.99999998808105,0.33190471295725327,-1319.2960522969893,9.843612268129874,0.3283317651884539,-1332.3057095490014,5.185443025429652,0.33067546770849415,0.21784484194028267,-1819.0173991165334,17.808794927867698,0.010000000004059656,0.3052705792233414,-1413.4440244250952,5.263726579083781,0.9899999999999999,0.3270903043929676,0.21867682776940658,-1808.0369094128077
2025-09-15,421,7.516666666666667,13.363064931004793,-1.4604792551926025,3.516195562525169,0.8479637842425403,23.999999998981444,0.41236711191907055,-739.8357232703285,23.999999999891912,0.36322794912280054,-846.6715500713441,23.999999999999908,0.28361139375373484,0.2531206256471584,-1144.729375616229,23.999999999952482,0.9899999999843524,0.3632313395167019,-840.6210579901867,23.999999999999996,0.9899999999999999,0.2835915811383656,0.25314419415142186,-1138.6083463393093
2025-09-18,601,10.2,11.666136890649126,-1.1100928180902017,10.4015177212037,1.602819676395062,23.999999999999996,2.4393393406353225,1078.2547381450493,0.6286965945151584,0.24585746690606944,-1680.0113882402147,0.7431751363780134,0.13383098687497508,0.24146237788956312,-1695.2948171312437,0.45547452441585035,0.9413484577447773,0.2331364525119039,-1737.4727093395318,0.516059765196101,0.9389097074199427,0.14364832618090226,0.22886278990103434,-1753.312631336186
2025-09-19,421,8.583333333333334,10.00781210026873,1.6021941418155539,10.796962863894727,1.6803842232432247,0.9458951978234622,2.776119658463625,865.7702240599199,1.309483666330249,0.4676979130713944,-633.820680669635,10.586390001278652,1.011029801122852,0.364651639324945,-837.3351068384679,0.7017155464964677,0.7727404516282282,0.4048397930178459,-749.3049069201982,10.28797068025192,0.9899999999955936,1.0099910253361162,0.36471924032795744,-831.1363941658797
2025-09-20,421,6.316666666666666,6.0965673278625445,4.430932998072812,10.580924225073987,1.348047973147968,2.2065433314288945,1.2804648769882208,214.20456482792994,3.590652452230466,1.2104742638998078,166.87493592550334,14.609741350108294,1.9999999999968583,0.978383261356101,-6.315636404849119,3.540639966377388,0.9899999999999065,1.2115514716407991,173.6665360095411,14.409971203602353,0.9899999999822998,1.999999999979205,0.9785310888405097,-0.14579233977449135
2025-09-21,601,10.166666666666666,7.12278718044266,1.5783248713142415,5.341219244157224,1.055988311546037,1.2679884341976868,0.6814463887308748,-454.6137174753426,1.5182996443817902,0.32735708505669087,-1335.8792532530588,1.7776009082941469,0.27696047357427866,0.3162974213570271,-1370.7917162053045,1.161467092776234,0.8600666842629895,0.26483248302539864,-1584.2494766043167,1.120257975188285,0.8558554684618077,-0.06205468885097332,0.26439867691037755,-1579.821419712559
2025-10-16,421,3.8833333333333333,16.25628921495542,3.780831036190115,2.9324351127301735,1.0539924994439391,2.6009530326923396,0.8677973981976675,-113.35044435019431,5.46078866537778,0.8190450247971329,-162.0342255075536,23.999999999999996,1.4253319662502157,0.7503425438609509,-229.75856455544286,0.10000000000000055,0.20491889134574043,0.4067867143202808,-745.2653373247333,0.10000000000000002,0.20822994208918358,-0.42292495766684013,0.4063605237764927,-740.105330549203
2025-10-17,421,9.35,16.538925331078353,1.2425337205753966,1.7840537633685511,0.7379551561031199,1.730430940893381,0.27479318943754366,-1081.5995023952912,5.581090628089092,0.19825144816523319,-1356.4978609448237,6.752914897522665,0.274106569472515,0.15579520845153524,-1553.3719965549012,5.518708337461037,0.9899999999999973,0.19848711398084637,-1349.4549187940365,6.678919363217462,0.9899999999999457,0.27487199703200516,0.15588760571816865,-1546.830147869414
2025-10-18,421,9.2,16.0089640597557,-0.8830109121798984,4.885537796599542,2.4803198014732573,23.9999999932258,0.2539828542577093,-1147.9086986187674,23.999999996561247,0.18874986121688675,-1397.851438366132,23.999999999999996,0.04070276141822047,0.17921116384540375,-1435.4731202922596,23.999999999999996,0.9132083045940742,0.188581503794762,-1392.5601714245029,23.99999999999943,0.010000000002067992,0.09575533181490589,0.15171307520505867,-1569.6855622283279
2025-10-20,601,4.916666666666667,15.814591451261123,1.5134114008972297,2.4701643300720346,0.9367876558455435,1.4299547928492435,0.9788493084545352,-19.297246906976813,0.9610688803476133,0.5457924174717619,-721.4323141611821,0.6935627985001378,-0.9999999999999999,0.44921904994690415,-949.0968775181202,0.535827295933719,0.765330036709522,0.49885698750244456,-823.1166687749951,0.5509321505149054,0.8723670455253599,-0.9999999999999941,0.43334297975135283,-985.9475829038375
2025-10-21,421,5.666666666666667,14.380559793397593,0.7698173520687526,3.0554549697401505,1.7964209179994302,1.893592122916991,0.5665713845970565,-472.3415166804382,2.7081132862979853,0.40237938177542176,-760.4804026648608,4.82307313571235,0.5876013294115852,0.23897581873438387,-1193.1475637215228,0.22615752369408582,0.6803940702143175,0.3126023859534944,-967.0118926581847,4.699990304790651,0.989999999999793,0.5882559266828175,0.23953653322593266,-1185.1316408942268
2025-10-22,601,5.85,15.018950288871705,1.6008065637504778,3.7250991194380485,1.483454468341933,1.108036323078965,1.3143790698397844,334.9825603145772,2.4491100489832998,0.681788765701437,-454.00995204876835,1.6050635427155504,-0.6653918644286108,0.6591263224236243,-488.24458004226994,0.646434739958622,0.6222361822607727,0.6188376822568221,-564.0573543930979,0.6672449662146546,0.6464683251106565,-0.2023118675822551,0.6177015030725252,-559.8676466172732
2025-10-23,601,8.616666666666667,11.785577897618094,-1.3542899328050897,6.737318693085904,1.086892180419156,23.999999999999996,1.5165727522996129,506.9751259563715,1.5381743207416367,0.35605699800534457,-1234.8640790009308,3.213314357121562,0.3780790527980003,0.2340724454091638,-1732.6565982908667,1.480922665898475,0.9899999999999999,0.35752637669461973,-1223.515268735083,3.1341984604072706,0.9899999999999891,0.38477192031873986,0.2341810006545038,-1725.7006837750953
2025-10-24,601,7.416666666666667,9.58878869518499,0.7519680930055594,6.524591740258956,2.2867357418792054,1.30633868610745,2.278346987954691,996.1857049718842,4.269996915028474,0.7800301518227052,-292.20549510840044,2.541615997955723,-0.6912786232374963,0.6732571497970994,-462.74757901230186,0.3306673943590573,0.3812701299775159,0.6503308764532727,-504.3921640356058,0.306191104927179,0.36994640174806986,0.17651489263841408,0.6495967876880769,-499.3511443168354
2025-10-26,421,8.883333333333333,10.910657999272283,-1.456490377860277,4.083179298520708,2.1975076546639736,23.999999998822304,0.26839409696258215,-1101.439013651393,23.999999999360785,0.23907474360898576,-1198.8417198367786,10.181350208644716,0.2663330207296648,0.165299134941096,-1503.5134775929548,23.99999999999953,0.9899999999999994,0.23926446560075057,-1192.1311679934602,10.32402227420555,0.9899999999998298,0.2662566219893192,0.16539870102428553,-1496.9638281691336
2025-10-27,601,9.366666666666667,10.005273167531612,-0.5186428667831855,5.531783846345617,1.39104409836089,23.999999999962704,2.146747209583635,924.6710273600146,0.7834255458689262,0.3094411446296744,-1403.5322210265983,0.732051524596374,-0.05228094500663168,0.309144526434709,-1398.2863689192968,0.34781577000499586,0.8195716992300497,0.21334216756550212,-1844.1221041230638,0.3309596371299375,0.8210578228267369,-0.07789058058045732,0.2126885694431002,-1841.4116259896932
2025-10-28,421,7.216666666666667,10.118871423903396,-1.1512346237326287,3.367904645679061,1.157837385900719,4.672199516447515,0.20364524185215563,-1333.8957987658923,6.151089564255858,0.24676281747894543,-1172.1912542038954,5.684602031887252,0.529762789304182,0.22549004605233322,-1242.0562735163298,7.249009661312467,0.01000000000002174,0.19755507449432294,-1353.4180253483519,6.689071440103096,0.010000000001316761,0.5852585109122065,0.16364515659539128,-1505.938305903984
2025-10-30,421,9.216666666666667,12.782704768552442,-0.7650009562835756,4.446385141935651,0.9827236189782516,23.999999999986745,1.555925506295247,378.26603549462976,0.18358234053274472,0.2706730554652902,-1094.3196984323026,0.3482982422861838,0.7077946538387826,0.2453866954465023,-1170.8573439865163,0.17060548862350475,0.9899999999999568,0.2738487886485636,-1078.455613301488,0.33964480215848575,0.9899999993519241,0.7447855624198144,0.24716697061657067,-1158.7280719741889
2025-11-01,601,9.0,7.998670087754822,-2.684550299144025,12.032886515466187,1.4939665201317538,16.881733010665027,0.18773140416260545,-2004.2385379214672,5.477337238772008,0.16373582074556897,-2168.6216059629132,3.7180083288658037,0.23137352828272267,0.11427771687158857,-2594.489473721297,6.094678252446922,0.7772148806945524,0.15417733718887602,-2234.5242724025325,3.862306572419443,0.9508706314147854,0.21971006476534602,0.11300463628402149,-2601.5565865196872
2025-11-02,421,9.283333333333333,9.978561779475891,-3.1242189560162714,6.28847389557879,2.398672839204851,23.99999999992734,1.0128956867868797,16.831385477538184,0.9142359618728837,0.6660316497143285,-336.1613968222047,23.99999999965563,0.21603076961097586,0.3487540630562244,-874.8676792059415,23.999999994602142,0.9899999999999757,0.7000954277178747,-288.12025904037733,23.999999999723013,0.9899999999999999,0.2161557491296271,0.3491324709001271,-867.9119482673716
2025-11-03,601,9.383333333333333,9.622321276166462,-0.7849131228502557,10.736710111971659,2.6348290894552724,23.999999999972843,3.3462963506297467,1458.2393039940368,0.9606618202135488,0.3276992470550165,-1334.623548241962,2.3663219364380716,0.4463667086880622,0.24758534778882488,-1665.1947102039542,0.304795022290477,0.760489375627065,0.20815143199877484,-1873.7290998422918,0.5579760618142893,0.7691714992737809,0.3876009947092686,0.18424882338360216,-2013.9489121571967
2025-11-04,601,9.4,8.893412124904154,-2.6831121972601064,8.798895965058195,2.3520023796425096,23.999999999994035,1.452783129361222,455.3228967251005,0.6722267247249772,0.4399839834529543,-980.4637837442048,1.1653335747731801,0.5943532669983846,0.15548387648788875,-2224.3811257163115,0.6599554899572057,0.9899999999999999,0.4400212675417901,-973.9633360655938,1.1311993059958183,0.9741913028433843,0.6113730500098675,0.1527230365373884,-2239.517533700392
2025-11-05,421,8.25,9.789718206737904,-1.3924818149504539,10.243645813915336,1.6732771550737873,23.999999999999996,1.6940717242915129,449.8902485493026,0.7063277370739759,0.28634905346637524,-1046.9152010125886,1.582816101129238,0.47936101820433186,0.10711667791082162,-1868.8051438383138,0.6750664843168329,0.9899999999999999,0.28839445877797054,-1034.879499944103,0.7594011245917147,0.7875547740127465,0.9503295516066924,0.09581345635524967,-1956.6586041122462
2025-11-07,601,9.183333333333334,8.365308653075072,-1.7640583615207825,7.0145491660496555,2.2497685905727764,6.448600857957097,0.3652600079660795,-1204.1906908129647,2.653120995158505,0.1899702425426269,-1989.9885854811478,2.5550999961965877,0.16749192923121492,0.17184746521542518,-2104.1027371161513,2.66872813828218,0.9899999999999999,0.1908708846136779,-1977.9048178572136,2.603399884731195,0.9370541729906752,0.21371540954652596,0.16931839403869878,-2115.5253816662753
2025-11-08,421,8.083333333333334,9.554859796509362,-1.3541117977766408,5.93179299978779,1.0559649451685416,23.999999999997584,0.6069490550753198,-414.376741210978,5.274887498914441,0.4137498837770318,-737.0170063142658,23.999999999998625,0.21711047688634716,0.21000208294610515,-1301.9717867909021,5.2093567122258735,0.9899999999999999,0.41595103630644636,-726.5068003273929,5.910390044928,0.2640748394917393,0.5100416285511186,0.17679668008578783,-1440.8517329826352
2025-11-09,421,8.316666666666666,9.29705183131234,-1.9588906750831132,8.134620124445187,1.0502826419590447,23.999999999990663,0.7212223002794592,-269.1295912272901,0.9920244864204668,0.5174429915764799,-548.7140527457149,2.375767179519816,0.6242154203919118,0.12861095440412804,-1714.8258235146407,23.99999999075432,0.989999999999949,0.5144154466778799,-547.6124079880851,2.2878577400292137,0.9899999999999999,0.6427679442282185,0.12980106504195646,-1701.02751241114
2025-11-10,601,9.216666666666667,10.066168350148255,-3.0851723490479124,8.249015465223094,2.0745104222477884,23.999999999999623,1.978749837965282,826.7218258259891,0.8920404388066941,0.43744992194404253,-987.4066437898592,1.6424147664314106,0.4381660935459174,0.2402445078348698,-1701.3727162361633,0.8644633168554515,0.9899999999998063,0.43936885660817504,-975.7468404842678,1.5939313623810878,0.9899999999999999,0.44806180437161014,0.24132943071958407,-1689.5582156253643
2025-11-11,601,9.3,10.082514983154365,-3.7863858680923705,4.672885698256148,1.2802510222491166,23.999999999999996,0.5604275249026226,-689.6259348001037,11.478894803395821,0.2861696240518523,-1497.5084096283092,2.7926240273703584,0.2779008842703245,0.2655084115489715,-1581.1855359066692,11.626734288988384,0.9899999999999999,0.28697714999661295,-1487.722735251551,2.748187401774326,0.9899999999999999,0.285103994788832,0.2668198781688107,-1568.8643323232586
2025-11-12,421,9.15,11.760963542561326,-1.92400791977788,2.553441979595508,1.2326496656110417,23.999999999640153,0.417061959413424,-730.3036151115846,23.999999999999737,0.359063600851696,-856.3807044885286,13.45473530214468,0.24957706322750528,0.34363763691226856,-887.3118180621108,23.99999999269215,0.9899999999999999,0.3593591218811494,-849.6453632731078,13.68017966945452,0.9899999999999999,0.24461102939118015,0.344114756748521,-880.1009305766804
2025-11-13,421,8.583333333333334,12.158416000126445,-1.8486829051246847,5.016499988407772,1.4016034675042812,23.999999997487297,0.48247141619538336,-607.6352592114786,23.99999999997429,0.44530894768257134,-675.124398643457,23.99999999999872,0.28593220968710353,0.26118885776287465,-1118.3094513203066,23.999999999938503,0.010000000001000703,0.3994684458760216,-760.5511961200798,12.118075356783974,0.01000000000000607,0.380098702382318,0.2121458313921829,-1287.3774039821778
2025-11-14,421,8.65,12.584816683921026,-0.5876296733616027,3.603561931151605,1.691485552149844,23.999999995401453,0.878756550485691,-102.78366244217837,0.12296951177498543,0.29681928143307945,-1016.6773473146658,23.99999999999991,0.6699659281935134,0.20229262417187718,-1333.464410396644,0.10161176950012507,0.9899999999999999,0.30090726968954157,-999.117274692205,23.9999999999883,0.9899999999999999,0.6711076673654879,0.2023539684711739,-1327.1664836776672
2025-11-15,601,9.483333333333333,13.102366385837508,-1.3076379668766762,2.391665257734501,1.4796900170483793,23.999999999999996,3.103292862585928,1367.62003623189,1.2665141477395117,0.23358030961443776,-1741.5850508485012,1.330574256833009,0.04841268755784638,0.2308353526981787,-1749.3956090651577,1.2408928144560052,0.9899999999999999,0.2359819975984694,-1722.8905195216055,1.3018172032300985,0.9899999999999999,0.04747792181402735,0.23341918260260833,-1729.6173037481356
2025-11-16,421,9.516666666666667,11.001659477750708,-0.9540430112341625,3.0619848162740095,1.3734838819919288,23.99999999990873,0.38651662521815333,-794.3460615119427,23.99999999998925,0.35841126149555,-857.9118240247127,23.999999999999996,0.2652028073167332,0.31675346325213033,-955.9044793360133,23.999999999983586,0.9899999999998625,0.358641821840635,-851.3277199338439,23.999999999999847,0.9899999999999998,0.265479402203874,0.31692173420276665,-949.4146642729013
2025-11-17,421,9.183333333333334,13.845212786722184,-2.2048251828449175,2.585643809576752,1.4868154092601986,7.63580419839534,0.2408003666540465,-1192.7860572872214,4.971049004167202,0.2907811424720532,-1033.9826172274472,4.656857686937782,0.11058977769619499,0.28153821202782275,-1055.1388694076602,5.122799729645278,0.5309241795810069,0.2879955851823004,-1036.0448622701379,4.66338584197034,0.9899999999999979,0.10941166153100852,0.28160018671192505,-1048.9109084757997
2025-11-18,515,8.116666666666667,24.201850666042226,7.628564552829872,3.24421409344773,1.7422242750376196,1.7376703928535673,3.029854521174245,1148.0142106221542,2.171254346196888,2.078110491329914,759.6470020193547,5.574448846663039,1.9999999999999898,1.7366067346496736,580.9793822054553,0.10000000000000002,0.16382773414869187,1.5020797735305043,431.54451717528354,5.495221479415731,0.9899999999868824,1.9999999999806,1.7373072567766834,587.6389524824724
2025-11-19,601,9.033333333333333,14.730498681281988,-0.02600881682566758,5.673876219907052,1.8257263203012528,23.99999999314848,3.0869185649936712,1361.260979892255,1.0121987531531242,0.4076567891857356,-1072.191658265249,4.813718648710435,0.6688298099792287,0.3057761281998194,-1411.4550766049174,0.1329143164112187,0.6712126950453451,0.23704701818981122,-1717.4779259123472,0.12304640928574334,0.6743542539912452,-0.16897948871284646,0.23670928397578836,-1712.7931091045398
2025-11-20,421,8.233333333333333,12.935060419681827,-0.3218558335843582,1.3152475954370024,0.9550896785371962,23.999999999999964,1.5890757824876347,396.0171038079121,0.9344140980426898,0.3452489419151833,-889.4155694359844,9.634615943930175,0.6106579320008867,0.2600114610528957,-1122.113630559562,0.2528532600480012,0.790783929262873,0.22732487251188477,-1235.2325922678037,0.29098555210556637,0.7887136767420592,0.1569532504939107,0.22614319425014678,-1233.5782523326093
2025-11-21,421,7.95,12.932904717525135,-0.8244179432553285,3.5141283940486137,1.1843926710479702,23.999999990617777,0.13372226104607332,-1688.053207144924,23.999999999592113,0.14261156591192467,-1633.8623887080876,23.999999999999957,0.12297041915022511,0.13641303900724105,-1665.235943388484,23.999999999999996,0.9899999999999995,0.14283146006689693,-1626.522467811556,23.999999999999865,0.9899999999999417,0.12411747256960246,0.1365241832904574,-1658.5075595175986
2025-11-22,421,7.95,14.945153991408056,-0.8815740899229727,0.7762946933787459,0.681224433976146,23.999999999999996,0.9185881931217483,-65.45778453509698,0.10000000000043799,0.4782387435539654,-615.0546320320685,23.99999999999887,0.6594996433949446,0.14112409274338533,-1636.6481413365505,0.10000000010495289,0.9899999999999999,0.48425908996850625,-598.4785774818748,23.999999999999996,0.9899999999999999,0.6604398310125885,0.1413852009037877,-1629.049077343933
2025-11-23,601,8.166666666666666,15.98695202420944,0.7401827886761652,0.7770355333672615,1.2243876128037643,0.9643178577841145,1.152995817621206,177.51965883268323,0.7326383406394216,0.509220938329779,-804.7991033640504,0.8184335609442559,0.24513056279879544,0.5077455237525774,-801.8882332113717,0.7072386857079572,0.9899999999999999,0.5152824297418325,-784.1770360212948,0.8045268031013207,0.9899999999998625,0.2785523440657459,0.5134651793074531,-782.0250362183974
2025-11-24,601,8.233333333333333,15.438520829997808,-0.9308164346573449,4.1454620385496375,1.1697214640882203,23.999999999999996,1.718356576867854,657.123358244986,0.4925153639365224,0.4028406771289774,-1086.4767981186576,0.4996290110373488,0.01797513372431215,0.4028152631455608,-1080.1540360714623,0.34942863499643056,0.8787564839046978,0.3813407672135899,-1146.0052156849906,23.999999999999996,0.9899999999999999,0.5758181980809691,0.40412817085066477,-1069.844097695576
2025-11-25,601,9.1,15.62725340037042,1.3832075690806516,6.915138525979331,3.7198099762285484,1.1211449920369676,0.6585538588676446,-495.68758810124814,1.5431204191204464,0.3672195122599649,-1197.7595764544812,1.345820020061079,-0.694856447702498,0.3156681574133625,-1373.185439963901,1.5141575578405857,0.9899999999999999,0.3711662671620419,-1178.511209207623,1.3186706047739911,0.9899999999999999,-0.703682646902108,0.319324437482277,-1352.9444876579591
2025-11-26,601,9.35,14.377812957431855,-1.436231320849334,7.722529599966236,1.1283407345899923,23.999999999999996,1.6670534553844998,620.6899143609157,0.10545727877790077,0.2775244034383299,-1534.3807890967907,0.2085675479599888,1.3452922468151192,0.21264276140473765,-1848.0691309001988,0.10000000000000106,0.9392366528649999,0.2699322263704959,-1561.3232167834212,0.16535560349103837,0.9104772485094124,1.7336372301300853,0.19249377977488805,-1961.3293244345755
2025-11-27,601,8.666666666666666,14.724255313467333,-2.89469210170507,8.002506850689942,1.2283499718211863,23.99999999999428,1.5011967707894271,494.72628483719825,0.4297872358363695,0.48932410246106117,-852.7071329120644,1.6656094254985412,0.5790418016661195,0.308319606614011,-1401.4980670935902,0.40641380907822255,0.9808582668779244,0.4890888520314691,-846.8865577605266,0.5972322147488358,0.9195966735610253,1.070566601035066,0.30908515694258615,-1392.1186335881412
2025-11-28,601,9.083333333333334,14.401885738048518,-0.07920954216183063,4.9523998800495415,1.639816073997534,23.999999999999996,1.4957135871001617,490.32789225175554,0.3797678149567741,0.2798336139097861,-1524.4206314155103,0.5388496095920527,0.2945913033245952,0.2780108800319555,-1525.8770352915083,0.35765280887555717,0.9899999999999998,0.2817297573846163,-1509.9047936730112,23.99999999982798,0.9899999999999172,0.8668525694025171,0.26833328644235105,-1562.0658241031967
2025-11-29,421,8.166666666666666,14.116307782009342,-1.3059151853770317,5.485127793289103,1.0691623938109587,23.999999999971983,2.388960108752579,739.3052122424454,0.10000000004263071,0.415100704463355,-734.2725019584085,13.053338171383793,0.6699051475241741,0.20298140626572572,-1330.6023711942469,0.10000000001044712,0.9899999999996077,0.4155329263518735,-727.3535962422469,13.665016912486001,0.9899999999999999,0.6694750032586855,0.20317539736506202,-1323.7554159087342
2025-11-30,421,8.466666666666667,12.735237613814908,-0.6508483566134569,3.9793970413136166,1.4846631931018532,23.999999999997343,1.7761077348434497,489.7078970046841,0.14859378043251242,0.2867387623751461,-1045.7700538198073,3.9896414717244193,0.672659303010539,0.29324514503637455,-1020.8351587603191,0.10000000000000002,0.9001895647914534,0.2548473495440391,-1139.0049709600094,0.1771471685506315,0.8825072838634787,0.8617148558764853,0.2359928640543176,-1197.681126558084
2025-12-01,601,8.216666666666667,13.243734567313641,0.08031221687086365,3.5885457872159954,1.9286870316646563,0.5988808857216609,1.4655400204285713,465.83158952211704,1.3857859721677914,0.3558245920762566,-1235.648905973788,1.1881822624335696,-0.21155355322009645,0.3504410889515774,-1247.5751320245467,1.130268861385167,0.9039821691562083,0.3444238049147426,-1268.3934415355168,0.9911150063113776,0.9087864747912507,-0.21365985292368442,0.33924864988383147,-1280.192611096867
2025-12-02,421,8.85,14.844586201546344,-1.5286840636246275,2.111094269866275,1.257755827539068,23.999999999999996,1.268900881180631,206.56584039600787,0.35446851601321416,0.6602967129834632,-343.44292220787446,23.999999999999996,0.5528827107585806,0.3821300784929826,-797.9138580783024,0.34950432786436053,0.9899999999999999,0.6657693246386516,-330.4504617734466,23.999999999990823,0.9899999999999982,0.5532538270195438,0.3825218564596791,-791.0084089441689
2025-12-03,601,7.916666666666667,14.982742605486257,0.5528763627189726,2.9078432826943508,1.4671382571239386,0.9774094781461488,0.7266940019972021,-377.33965883250414,1.5716886436871869,0.4860246628012,-860.8394887228064,1.4436428388955127,-0.28226675339822416,0.4708312629278797,-892.6159234876147,1.5682350680049668,0.9899999999999874,0.4932411099029132,-836.7249137505378,1.440805328575645,0.9899999999999999,-0.28365871551315897,0.4781184423563809,-867.756156570194
2025-12-04,421,7.766666666666667,14.194891857635021,-0.5451542484507517,5.018891649787741,1.1645146279897922,23.999999999993467,1.2484548521288092,192.88804762046996,0.2596953523444301,0.2144912738268218,-1290.2047668494788,0.7310653214566768,0.4956581214678854,0.1711405673689,-1474.2720985529047,0.22629857061428352,0.9899999999999999,0.2152913557167886,-1281.027201688362,0.6988501554798796,0.9899999999999999,0.5049339465691915,0.17337563624222516,-1457.3042646707233
2025-12-06,421,7.6,11.899444027201913,-0.620565974219824,2.7146738207229326,1.2219256915051815,23.99999999984654,1.5393026248775792,369.22204899317603,1.3338491938414647,0.44176886040535424,-681.8448222278085,7.870103613127157,0.5098574107798551,0.3313110506391261,-918.0701260340933,1.2982995990978181,0.9899999999999992,0.44275655025464206,-673.9217794280033,7.877191198545491,0.9899999999999995,0.5125759829650438,0.33166594748674766,-911.1260345522672
2025-12-08,421,7.783333333333333,11.017758533692252,-1.3341685778174757,2.0839647365477294,1.4025960780755198,23.99999999999833,0.24635388862441795,-1173.5877519099317,23.999999999995634,0.19836549728862135,-1356.0136185762594,21.308132846874077,0.16782612957474352,0.1410634994547266,-1637.0097415716095,23.999999993766007,0.9899999999999639,0.19841856480176398,-1349.745760736829,19.306444328385957,0.7228726032315794,0.18414984055006361,0.14050813218011354,-1634.2886070643258
2025-12-09,421,7.633333333333334,11.799095411866574,-1.4077257466268343,3.3551851325221747,1.1477124521404931,23.999999999997673,0.5887068449554301,-440.0716470903871,23.999999999999996,0.48648620830197153,-600.6577109398982,17.90600292124739,0.44335612080873865,0.15215444104790843,-1573.2821928988963,23.999999995162742,0.9899999999990399,0.48664600165420197,-594.338556576231,19.785986380852165,0.9899999999999999,0.4311406367271791,0.1525085114867745,-1565.2824632717507
2025-12-10,421,7.833333333333333,12.25366472353948,-1.251471793146905,4.488306901982164,1.2692647756394386,23.999999999999996,1.0628905924170735,57.398040524875874,0.20897395015030423,0.5268328377235569,-533.5715715717461,7.440503403445471,0.5999847196973626,0.19016517407709135,-1385.5187464990909,0.19804079094473062,0.9899999999999999,0.529959354705493,-522.5468145356513,7.469674307621742,0.9899999999999999,0.601448165499721,0.1905064747623602,-1377.966280953283
2025-12-11,601,9.35,11.457474094640004,-1.4077966075675992,1.9115807341211064,0.8551725636784048,23.999999999999996,1.3786982157102095,392.4085528127606,0.586078859142755,0.5198636078008069,-779.9363360570659,0.7366180239463417,0.46760631177821077,0.49469195771855995,-833.1944714862494,0.5688493545778541,0.9899999999999999,0.5267610231107861,-757.6947865756158,23.999999999999687,0.9899999999999998,0.5138952972642251,0.43338048934912615,-985.8435438691074
2025-12-12,421,9.383333333333333,11.559672246356037,-0.6982202371991093,4.411972609191348,1.2783696995127154,11.58704770373227,0.31463358811878295,-967.6011450342584,4.1353952994228775,0.28054447839211444,-1064.158731774634,8.496805044152637,0.5030107916714845,0.13339877284356966,-1684.049928499826,4.257205578696171,0.9899999999999999,0.2813196930672085,-1055.7926506636957,8.6334665996822,0.9899999999999985,0.5030959829826103,0.13355535564294954,-1677.019539957361
2025-12-14,560,7.3,9.461669587277022,3.3117896905619606,3.0873813491443203,1.3613187432195586,2.846968940314787,0.6670483494587001,-447.1519406957773,2.385647479869287,0.406261995576782,-1002.5199236008339,2.031795549915291,1.2232145441846949,0.24922099684437946,-1543.4891936850859,1.6045795818319686,0.78427560738068,0.37050699180985186,-1099.3730451520346,2.0045681856219675,0.9899999999999997,1.212410176906055,0.24967433188059743,-1535.1258183992295
2025-12-15,601,8.666666666666666,11.435021264167135,-1.832707498053038,2.2114840908805724,1.2588568610411746,9.133704298030858,0.24629304501914712,-1677.8837260070632,5.9260942993124255,0.21843998576062276,-1822.1366532610677,5.843311417005005,0.08919222272060626,0.21410763277421316,-1839.8170832121862,5.959463886752406,0.9899999999999999,0.21853651772519037,-1815.206993510131,5.877045966841937,0.9899999999999999,0.08805982089006244,0.21430959848508355,-1832.2851874450191
2025-12-16,421,7.633333333333334,13.65359113957079,-1.4749117493564459,1.698859491692561,0.7966850711365078,20.59509605958712,0.35786528186371674,-859.1954481871968,19.51382493445311,0.3318226171774394,-922.8136569472691,23.999999999999996,-0.40048008693549714,0.3149096919609715,-960.8199467758155,19.56777708613507,0.9899999999999732,0.3320283074631757,-916.2492466490874,23.99999999999978,0.9899999999999999,-0.3998404157124924,0.3151233291910004,-954.2062881433588
2025-12-17,421,8.366666666666667,14.0399913889529,-1.0488046918807683,3.22348453089274,0.950604997901054,23.999999999999996,0.9756456006826584,-14.71761186652727,0.222559097995511,0.6305284866325631,-382.28519365955077,23.999999999999993,0.6710447178431176,0.3090636598182548,-976.5978740997878,0.21617152404090306,0.9899999999999999,0.6372516777803331,-367.3120219614708,23.999999999997332,0.9899999999999981,0.6717274015088438,0.3095989773749241,-969.0981062522584
2025-12-18,601,8.316666666666666,14.226863271198713,1.186530509582548,2.168070109855508,1.3490141582282464,1.1219967335674206,1.4447563222669804,448.66328296045293,1.2076696488833831,0.2995988306548441,-1442.3851433676855,1.7274012332477306,0.4567763079538803,0.2812935508677272,-1511.7673110165144,1.1722415407373454,0.9899999999999999,0.30012610459939354,-1433.8729679985447,1.5646356549692353,0.9484728544761649,0.5323239174575827,0.2799125373779153,-1511.2844807189229
2025-12-19,421,8.133333333333333,12.719936748431849,-0.6119736392909587,5.714615618100433,2.5642913310251028,23.99999999771084,1.0478356218828762,45.38653465075466,0.1000000000000327,0.4441145581341542,-677.3858108901813,23.999999999999996,0.594065130438722,0.22226148133660553,-1254.1991627720931,0.10000000000004836,0.9863653300360006,0.4437587635986239,-672.0180018351153,23.999999999999996,0.5595892320954862,0.6473222137792921,0.22108692748723807,-1252.6179270484904
2025-12-20,601,8.55,11.89451478090585,1.5066053583989678,9.384859648311721,3.5736236704279096,0.9413733968548985,2.087361330158557,890.9512926720738,0.7794200062269236,0.4425775077153066,-973.3992898406336,1.0229305047312256,0.43444073378716025,0.42591251207558456,-1013.1354422025391,0.6735313175980717,0.9327390786860152,0.43898485242264135,-976.7978363545485,0.9020627281990239,0.9509729246869152,0.418122630617813,0.4241362692302986,-1011.760198996596
2025-12-22,408,4.683333333333334,11.023147427664687,0.22154752604413908,4.355659214629257,0.836790686045562,23.999999992181422,0.23919848876695235,-1161.2453778538522,23.999999999495234,0.2542128812208107,-1111.5686631473557,23.999999999999996,-0.0541195419558917,0.25325492308422465,-1108.6381619303004,23.999999999999996,0.7377135721691077,0.25112764712891644,-1115.521300145775,23.999999999999996,0.7569750536638241,-0.03670188049040433,0.25069886905587285,-1110.9044710150545
2025-12-23,421,8.283333333333333,12.509974968845468,-2.28271057019262,1.0924536231290687,0.8282217128655988,6.13726824579876,0.32109913902049186,-950.4738796414357,6.942104241378338,0.2630544580847745,-1118.3592863265983,6.514353730776223,0.12492059927570298,0.26036916311351777,-1120.956073308222,6.932601749745506,0.9597191416568529,0.26296723099324587,-1112.5959013386423,5.732702811132021,0.5356690429007102,0.36899603171955475,0.2537678241163393,-1136.5365994623262
2025-12-24,538,6.783333333333333,13.876942743588435,0.05875900359632347,1.237044343743193,0.7265984735466653,0.7655571643437586,0.6664500465570039,-430.3422794353574,0.10000000000000102,0.5628410832126909,-612.1517048028024,0.1000000000066561,1.5909075577234248,0.5571759369420052,-616.7489475634536,23.99999999998539,0.9899999999999999,0.718464284787727,-343.1921510846824,0.10000000000000009,0.9899999999999999,1.633252127170491,0.5648468861101389,-595.7482511943724
2025-12-29,598,8.0,13.597256220598828,-1.7571601428464199,0.5084225420986765,0.5144616953866727,10.003361383119076,0.4071002625460105,-1068.4465603986373,3.8715019976325933,0.2661673566182054,-1576.6678985986907,3.9580094759109943,-0.020234289401808676,0.26610845121037713,-1570.5390234940858,3.9108898409300092,0.9899999999999999,0.2675916765417901,-1563.8913126497114,4.004937325421424,0.9899999999999999,-0.021526830801158865,0.26752588255060655,-1557.7918240515023
2025-12-30,421,8.033333333333333,14.114075505729648,-2.581053950202943,1.7251079890698422,1.102785257871096,7.980453128609253,0.27713795979736827,-1074.445318315433,6.840579847642594,0.1927561600274166,-1380.1666448489395,6.945874703082795,-0.024588208988336826,0.19264347912445934,-1374.616370146169,6.8340082817294245,0.9899999999999607,0.19334606243080096,-1371.5511275238518,6.95559000234542,0.9899999999999999,-0.028378501218055657,0.1931959201153486,-1366.16260131598
2025-12-31,421,8.416666666666666,15.527140743250078,-1.388590097543144,3.900258900259539,0.7076343468457438,21.230635905835364,0.2284359226023275,-1237.1699749818226,15.017723059257404,0.2068103298462166,-1320.9099503634238,10.180573270063894,0.20578419397929132,0.2040015815750157,-1326.3811165707198,15.081765186101668,0.9899999999999884,0.20697514280023324,-1314.1965713397744,10.267986601781034,0.9899999999998609,0.20287531600306125,0.20424889981508718,-1319.31831600616
2026-01-01,421,7.95,15.661482148000513,-1.4290488024279746,3.135307535691529,0.9987410883051444,7.487651210344861,0.33358319458558994,-918.3580011332383,7.57652217658014,0.31301736960084114,-971.9375010398411,8.173223186499959,-0.2897096243965563,0.30767113348229375,-980.4001864718117,7.568535519410039,0.989999999999998,0.3130299805378058,-965.8609461428409,8.036283485224676,0.4580956515090547,-0.45155655400925643,0.30494616926798124,-981.8481517334632
2026-01-02,421,8.516666666666667,16.638505603704672,-1.4151853729517043,5.687470584681298,1.1873748106552922,23.999999999999996,0.38912489296917263,-788.6832142483158,23.99999995074587,0.3391486377665771,-904.4261196779015,16.10942901596511,0.2881175303741776,0.23296923351874468,-1214.581490550893,23.99999999999923,0.989999999999995,0.3393205819450931,-897.9567113997222,16.21933389813184,0.9899999999943074,0.28795353884753594,0.23302782344459888,-1208.327127977325
2026-01-03,518,5.683333333333334,16.4922715992848,-1.0863612309580795,4.070028041719203,1.8782092000648856,23.99999999999989,0.47717884250732046,-760.2490525931081,12.264860150282127,0.4511588904509092,-818.3394042996244,3.5010644858113804,0.7568583012088561,0.25338626895853056,-1409.762496490637,12.47114340772644,0.9899999999999999,0.4516772255891116,-810.899854886289,3.2586522992745572,0.4465639085343029,1.097142925479768,0.20250069703025453,-1635.7544548013784
2026-01-04,601,8.866666666666667,17.189225600584066,-0.9537531626982094,1.9314920745426307,0.9704371007045701,23.99999999899799,2.3752350412953374,1046.244464544244,0.5610109245195007,0.341751848404911,-1284.1532195505097,0.7224755559556001,0.28621136433862504,0.32409686455678316,-1341.5116476446044,0.5461505702772549,0.9899999999999999,0.3486691975435093,-1253.6680706468496,0.708176087129594,0.9899999999999906,0.2940751254642955,0.330797264811269,-1310.5162154923762
2026-01-05,421,5.45,15.168186854545043,-1.0973208256489855,4.2482812664697365,1.1912850451353332,23.999999999999996,0.8201781117083964,-160.87018711645453,1.4693864232550622,0.32877534992371027,-930.581822623442,1.7619025298583981,0.14895167273719853,0.31896768825319366,-950.0390618154789,1.4354239124234263,0.9899999999999999,0.33198360100067265,-916.3626266683449,1.732310834840756,0.9899999999999999,0.15595064733828934,0.3214542052582482,-937.4580583858611
2026-01-06,421,4.866666666666666,12.863967875910399,-1.1011856807961742,2.6231941135719095,1.8142845969238126,23.999999999894147,0.4308889019249844,-702.8413689667523,23.99999998210354,0.34491059723971973,-890.2411357678269,23.999999999999996,0.13477895442322685,0.27930738949408634,-1061.8371923486782,23.99999992994762,0.989999999998815,0.34510245923396965,-883.730257292106,23.999999974352335,0.010000000000053402,0.1831513863179329,0.2543559102995423,-1134.5875907708928
2026-01-07,601,8.066666666666666,13.344820010897575,0.9835208716895423,7.456278304771819,1.594593582813687,0.9439519074362215,2.3543592002841605,1035.633438494007,0.7068531426210274,0.40482415982633985,-1080.5729853335918,0.7814517122546465,0.12494475800953335,0.40363742167210837,-1077.703216798659,0.4986227245712873,0.906737721745534,0.40080235417808896,-1086.1756104790777,0.5720756131227523,0.8980996390357284,0.2135527669748836,0.39855783146534823,-1086.5272226216375
2026-01-08,601,8.283333333333333,11.973486706092498,1.7012170227157881,4.592101407370045,1.3178802330046486,3.405163450819466,0.23231966668770243,-1748.089865500094,1.3604903459131903,0.29641434072293266,-1455.2298035426497,1.1244300982143918,0.5255396327450451,0.2555592972171547,-1627.0923876259124,1.3212943701551725,0.9899999999999999,0.2989468836400043,-1438.605030540782,1.0851275871655865,0.9899999999999999,0.5453772383038208,0.25650018876249064,-1616.276521099834
2026-01-09,421,7.5,12.842461233576962,-0.659759590398826,1.073008833328347,0.7992911962867426,23.999999999999982,0.44648127910439384,-672.9106412010943,23.999999999999996,0.43163840226826217,-701.3780426585597,23.999999999999968,0.9283013607420476,0.23698921935196499,-1200.1763421386572,23.999999999999982,0.9899999999999998,0.43234848494306166,-693.9513847762356,23.999999999999996,0.9899999999996032,0.9304819963296271,0.2369918204602031,-1194.1244678672274
2026-01-10,421,8.566666666666666,12.816118458573492,-1.9772836667381934,1.8177312169479043,0.8532472479579373,9.3560038224192,0.14663354617142918,-1610.4447022921534,10.529440423602228,0.14220252323381724,-1636.280907909827,11.570249206338165,-0.13286557704128024,0.13874098857999242,-1650.9880668181283,9.00418013509962,0.5137798766608989,0.1293399647271096,-1710.0665590136832,9.66051476916178,0.5030829293210923,-0.10658452628743095,0.12691328679575684,-1719.971617675506
2026-01-11,486,3.6166666666666667,14.301642649404492,0.08521480903447731,1.3033437485462784,0.7332605494550279,1.2403688396247503,0.4854411269012915,-696.27552947912,3.410808025059088,0.28224636895214533,-1223.3694337233828,2.7165414755789574,-0.4134492580351262,0.24346781336786166,-1360.8405364451366,3.390500197343859,0.9899999999999999,0.2835255659589805,-1212.787879439326,2.7028773935634995,0.9899999999999999,-0.41252968466913476,0.24518917530757695,-1347.8062901793583
2026-01-13,421,3.35,14.468730793343727,-0.9795695130342086,2.1398306483951703,1.2822725190686763,23.999999999999996,0.7265637390215793,-262.9166402733586,0.9702520425559601,0.38216964638434425,-803.8693100234618,1.7080437236742638,0.34318069540158375,0.3369336598012004,-903.9006202650294,0.9410258092233542,0.9899999999999999,0.38353987439815546,-794.8131761483617,1.672610969739211,0.9899999999999999,0.3481986553794075,0.3378193038009395,-895.6476594558119
2026-01-15,421,7.433333333333334,13.212876933946358,-0.7806231680686349,0.9613464918879254,0.5828312963246114,23.99999996227993,0.4030007608565629,-759.1811372312092,13.312790744485403,0.3720849908597959,-826.38633695873,6.398146564264478,0.447589384034355,0.29940610295623776,-1003.3283587082841,13.569915889684681,0.9899999999999999,0.3727066329484545,-818.9381492195811,6.455612491980758,0.9899999999999999,0.44847657708535793,0.3002160300244645,-995.0110966750594
2026-01-16,421,6.933333333333334,13.747376969740843,-0.6422920958112392,0.8867432878480616,0.6070323870810517,23.999999999999496,0.4187153612219267,-726.972186740624,23.999999999996852,0.387592191216809,-792.0062686187148,23.999999999999254,0.3639065672285421,0.34618262613480394,-881.0989224348862,23.999999993251187,0.989999999999935,0.38808987062047917,-784.8831773446288,23.999999999999996,0.9899999999999999,0.36473342144442766,0.3465403722675318,-874.1866136377068
2026-01-17,421,8.85,14.412295554279222,-3.2969673247657454,3.2281076284618364,0.9875504831954621,23.999999995785938,0.22735979761426509,-1241.1458741987876,14.959372099192489,0.208959987104276,-1312.2030876261801,14.042319765661093,0.015480259068478944,0.2086366011244127,-1307.4645413542685,14.955086258533532,0.9899999999999999,0.20902958739142655,-1305.8800485532124,14.083153631250777,0.9899999999999999,0.01468747098777475,0.20873712247418583,-1301.0163296671035
2026-01-18,421,8.583333333333334,14.90822127809132,-1.375436851960977,3.888405356114767,1.005189535026018,23.999999990851755,0.2914367957147261,-1032.0862130547464,23.999999999825064,0.2685420816747781,-1100.9748872401676,11.159870688216346,0.220969667620634,0.2590837039286193,-1125.1233766836024,23.999999999999986,0.9899999999999999,0.2686860132491618,-1094.481085192977,11.453824626008796,0.989999999999998,0.21512104408810023,0.25942303482665413,-1117.9786688503893
2026-01-19,421,8.833333333333334,15.268012643438405,-1.156106725990206,5.010623485323976,0.582683555639269,23.999999999999872,0.6292717974572212,-383.96503553603276,2.704830328262405,0.5089090040703572,-562.7166232384072,23.999999999992077,0.4286592092484156,0.1763647009081964,-1448.9541983376798,23.999999999999996,0.9899999999999999,0.5066863185114454,-560.3595218108264,23.999999999999996,0.9899999999999999,0.42911554153150755,0.17678319602506218,-1440.9159537140943
2026-01-27,601,9.25,16.283198926271524,0.5087192733101613,1.5751266597811573,1.1177617903112649,0.8405353127140943,1.738872957697474,671.3896827708777,0.30094099166685623,0.3033168390573251,-1427.5601753804633,4.562036330179585,1.3314454482031033,0.24918559583686126,-1657.4506791502222,0.28718549684511196,0.9899999999999999,0.3103094489729212,-1393.76548892763,4.828558212899195,0.9899999999999808,1.3415391340899279,0.24947606778419928,-1649.6517466896191
2026-01-28,601,7.733333333333333,16.610878216726004,0.5329601259213135,2.205053798510137,1.1991187325954935,0.883991073415215,1.4769646609708884,475.1654655384614,1.2724472213480826,0.4541132209845205,-942.4706944431201,1.4666857152313426,0.14157706065577946,0.45118489457384475,-943.8482354824952,1.2392772808405133,0.9899999999965723,0.4549179568010867,-933.9439157282276,1.4375420226284639,0.9899999999999999,0.1473668168718869,0.45181345864298184,-935.7762507118903
2026-01-30,421,5.233333333333333,14.618087898708495,0.6351559283959105,2.3530427009401587,1.4680080471406043,23.999999982724816,0.23892571463450424,-1199.3667502982153,23.999999988905806,0.23985620340047417,-1196.093976211196,23.999999999999996,0.46744005240340836,0.12387708329137843,-1746.4026590480566,23.999999999999414,0.9899999999999999,0.23995009264553188,-1189.7218156243382,23.999999999993836,0.9899999999999999,0.46764584116465596,0.12390878602249812,-1740.1445684094372
2026-01-31,601,5.4,14.099321437781688,1.9280471335690663,4.676821338405456,1.0463229433202694,1.4110192334095908,1.195050249134548,220.58085218377994,4.237665446403945,0.8353602375311415,-209.83185948432637,5.840219818208789,0.28936659111152646,0.8300468449876623,-211.10312445899083,0.10000000000000005,0.19202781001271946,0.6021449573585919,-596.9258079161173,0.10000000000000132,0.20637841185261224,-0.9999999999996297,0.5908283578304471,-613.3323511863152
2026-02-04,562,5.1,16.446113921754165,3.9106484564759167,4.863477627442537,1.5952140960605676,3.937520212767856,0.6444819803506331,-487.45115785591366,5.199485130127144,0.48814901857023385,-799.7277366449815,5.169506820978393,-0.04464995135665396,0.4874391621462955,-795.0319224286291,5.142761909941504,0.9899999999999202,0.48855690499897614,-792.4574376372223,5.113215104927438,0.989999999999997,-0.04449144345329313,0.48785342629938844,-787.7455626384701
2026-02-05,421,7.45,14.204252444779762,1.3175079704895474,1.1938690145200341,0.5317033364940212,6.075642450364974,0.2271126368629215,-1242.0617025631095,9.237724234684679,0.18018795798386514,-1436.9388766689,13.75718777786139,0.7103289098804111,0.1539071307022406,-1563.6385070690856,9.15645634141398,0.9899999999999928,0.1803193040815324,-1430.2827004713715,13.640707944776432,0.9899999999998458,0.7108407747502311,0.1540400015475235,-1556.8692738098462
2026-02-06,601,7.183333333333334,13.77702235962342,-0.9506788391878462,1.7292526201059066,1.128708288587878,1.2419047167578767,0.9539263325241986,-50.29833883574503,0.569907843496587,0.5306560376740771,-755.2381646735674,1.6650353665809305,0.6268887041666144,0.4213705349004174,-1026.0225379140388,0.10000000000000002,0.5410610883543885,0.3345609100296448,-1303.3162706491457,0.10000000000000038,0.52449464375043,1.1158108936132116,0.31315685771379165,-1376.3876026785033
2026-02-07,601,7.3,15.408557067367655,-1.2238870354769613,3.364259434187926,1.9178310571986779,1.1029351531466918,1.25471051146917,279.1382580786242,0.9144591335304466,0.30806802880939627,-1408.8778515282388,1.3916629495238173,0.43266841307079956,0.25033385939601405,-1651.9245070872432,0.514720120682834,0.6960800070136588,0.28664473761466747,-1489.115847113055,0.9547953090648171,0.7879136572546445,0.4306767239580674,0.24492246162273074,-1671.794164441364
2026-02-08,421,7.2,15.924754886252884,0.45222270430975264,1.1669770229552376,0.5307120252941845,2.1544530069460754,0.23133468058619472,-1226.5525647055656,9.96518566208986,0.20698210604767267,-1320.2108773142904,15.292512809561568,0.34247982109963254,0.07071515616829471,-2218.4530241636894,9.904103843860254,0.9899999999999991,0.20732693718545991,-1312.7666439613658,15.185941910676995,0.9899999999999999,0.34291789782194343,0.07082964342882077,-2211.048302512059
2026-02-09,601,9.633333333333333,15.66788212267567,-1.7363874559019408,1.9994234646766882,1.0957898230694187,23.9999999999996,1.1173750255982413,139.79920815138016,4.07653406152678,0.21544726845691234,-1838.7183952315634,5.798662440065304,0.11579096370163217,0.17548068805243627,-2078.954800756295,4.02850691691214,0.9899999999999999,0.21614850240698025,-1828.4139049821713,4.802261842853706,0.8163424764651571,0.14210919043893583,0.17498823020942691,-2075.9341642427726
2026-02-10,410,4.1,15.990219187706067,0.07108693699349367,1.3372056850513645,0.7720586391925357,1.7051644164952802,0.25273195318617614,-1121.8330197223377,12.246217522425923,0.2551536949047695,-1114.0129788639963,12.508884457388243,0.09681949263564954,0.2540844744432058,-1111.4402480602348,9.217789378822692,0.19094005101792472,0.24700676685563172,-1134.6061138538844,3.334301192332352,0.010000000000000002,0.9190406282389983,0.21403677603143578,-1246.0696195716996
2026-02-11,421,6.216666666666667,14.881250499593845,-0.3869465961729066,1.1522909297108914,0.5857345890322948,1.3241398950305705,0.30113938819069935,-1004.5106429378332,2.6556043426823677,0.15260139050623167,-1576.8550996452923,3.3958629737592343,0.23904871406447226,0.12126621549267888,-1764.3385669276283,0.5405734860755498,0.5756285912129544,0.12212419666456754,-1758.4022349847842,0.9350610466285603,0.6314183184588127,0.1487643536370077,0.1182948676870402,-1779.184161252155
2026-02-12,601,5.783333333333333,15.465992774625901,-2.192425849876374,5.939020626779793,1.4038454420288897,6.613002280335731,0.36884236530676534,-1192.4592815133103,1.692160670949207,0.25381119016865683,-1641.7412953435328,1.3727438507355985,0.22995856575627058,0.24660172086346255,-1669.979623450805,0.12354252979568099,0.14818243524479469,0.18101316263689227,-2041.6438155196972,0.16303953015756545,0.2277061646370736,0.8926506113597755,0.16293634837696994,-2161.707792741308
2026-02-13,601,8.35,15.814163841896342,-1.2458081390896059,3.7463810084606695,1.8758370621719693,2.5877279474757144,0.27703464809356243,-1536.50386715613,1.4852653249855758,0.24054715356404432,-1706.2580560803046,1.4184494978443052,0.25753539106281365,0.2336768944837354,-1734.6895346743102,1.4663347514807763,0.9899999999999999,0.24163621085906217,-1694.429787742948,1.4014149871596826,0.9899999999999999,0.2580883251127325,0.23480483827722354,-1722.5029187147327
2026-02-14,601,8.4,16.848457408587457,1.9564859726886024,3.1046824177924233,1.6675156687970842,4.262898819363928,0.2491083672721598,-1664.221860318535,6.618326555207476,0.21185619385230364,-1858.922178635365,5.703901756717846,-0.569670992628542,0.18397300411415315,-2022.1482413183653,6.552435308561587,0.9899999999999974,0.21214222160052565,-1850.9018540292757,5.645273681386058,0.9899999999999999,-0.5709451498092246,0.18420130970885534,-2014.2589212044616
2026-02-16,421,9.533333333333333,15.765223021011202,-0.9133339705461623,5.9699503905471385,1.565072819021221,23.999999999993598,0.41493939985478967,-734.5997595967206,23.999999979489182,0.34891890970890505,-880.5124153471664,23.999999999999886,0.4604955447087126,0.18203237922958282,-1422.3212636267256,23.999999999999993,0.9899999999999999,0.3496039368450623,-872.818317464354,23.999999999999996,0.9899999999999999,0.46148273387968486,0.18230187992934904,-1415.0329635252183
2026-02-17,601,6.533333333333333,16.198949378837963,-0.5547519176302789,4.942734672094179,0.9658382069845021,1.3529078237600578,0.4953006180347323,-838.1150557565853,0.8077309889862473,0.3114781321971106,-1395.6456311550794,1.0575845671563224,0.29938767569003727,0.29578816636816263,-1451.3731156278195,1.151805324451851,0.7509912883885891,0.28777020614346854,-1484.4056113594008,1.5555968114312444,0.7294538447230793,0.2662420359384574,0.272094619624751,-1545.333914302352
2026-02-18,421,10.033333333333333,16.852624470956002,-1.3101418713115116,6.273335235401987,1.2728475787794327,23.99999999999997,1.0864540624686239,75.86063252124667,0.6552895509568465,0.4457375959792349,-674.3142908074532,19.273037301253034,0.5222572097245444,0.2713115719994246,-1086.2931304712006,0.6500618343825856,0.9899999999999999,0.4511517262716762,-658.1059597822564,20.190387110218968,0.9899999999997677,0.5221292432473164,0.27167274938454655,-1079.1303496290116
2026-02-19,601,9.7,16.61585942173134,-2.913350767076688,1.4450130413604014,1.3736475178149967,23.999999999428123,0.8155396619627607,-238.69548305887753,20.70514214052233,0.6292461140849266,-550.4072552544126,4.524574911817644,0.5546755536679467,0.30519182684972945,-1413.7541511508848,20.881779334812002,0.9899999999999999,0.6302822010944824,-542.031131349103,4.488238986577301,0.9899999999999934,0.5594818960286525,0.3057375644477608,-1405.2080845881687
2026-02-21,421,3.3,14.51154343409838,0.44178320294219553,2.1686491232822105,0.9990275804457376,2.3011285184689787,0.12768789621929438,-1726.9333946039371,14.434910391459152,0.12272848360339496,-1760.2888125531997,23.999999999999996,0.10006877820770059,0.1129016555210978,-1824.517251856983,7.437188836356384,0.010000000000000443,0.11422407852364583,-1814.7121740162536,23.999999999950095,0.010000000000002136,0.16270592327798905,0.10767820525148354,-1858.36010540744
2026-02-22,601,9.733333333333333,15.099986076851499,0.6238870563011147,1.5988717345436694,1.067941016133377,0.9536174298934106,0.9663772608297623,-34.71098524789474,1.6731798208772029,0.35344519061480734,-1243.7136828912182,2.365558863544701,0.38404415875660824,0.330158378515232,-1319.2385414511089,1.614979140905243,0.9899999999999354,0.3536290270633632,-1236.690057625726,2.290761174987241,0.9899999999999999,0.3878181348233577,0.3303105372234771,-1312.2861134256045
2026-02-23,601,9.6,14.519540294374588,0.8218210616860215,2.437259194276436,2.3848088187806358,1.061216023480039,0.9229408099570248,-89.98999472565308,0.599206840122386,0.19327973505194823,-1969.2287205784187,1.0257729948727667,0.5455721387620401,0.1676817462705798,-2133.5991413771453,0.576885354172623,0.9899999999999999,0.1960176419284941,-1945.9226481144635,0.9893893303264714,0.9899999999999999,0.5444076272059275,0.1723641437761689,-2094.0956171915873
2026-02-24,601,9.8,14.76017883436278,0.7629590780699758,1.7078849128816067,1.5070390681882617,0.9300178304143987,0.9695683808597221,-30.74834325280032,1.0872461220610088,0.33561781253882134,-1305.9236444468688,0.8063629462612161,-0.4352392868860804,0.3306368433204159,-1317.4978666479794,0.8598849162272598,0.9223667935316753,0.3224062381955797,-1347.798199123502,0.6029154969718129,0.917441303700948,-0.5754148927493921,0.31399820680276036,-1373.1625558955234
2026-02-25,578,8.366666666666667,14.145700622003341,0.49173008941885854,0.8154669396766617,0.5650759665788649,1.1207444653864527,0.6300416409196363,-527.6770121672915,2.3927240045706966,0.3192958333581781,-1313.3730624479333,3.186264534165287,0.27960100441206165,0.305725951992958,-1357.2173332515858,2.3196388547403433,0.9899999999999995,0.32000266771558017,-1304.457246546042,3.1088475816566095,0.9899999999999998,0.28666005698564495,0.3057834840504103,-1350.64024169736
